"Time","flock"
"2025-12-28",9
"2026-01-04",9
"2026-01-11",9
"2026-01-18",10
"2026-01-25",9
"2026-02-01",10
"2026-02-08",12
"2026-02-15",10
"2026-02-22",10
"2026-03-01",10
"2026-03-08",9
"2026-03-15",9
"2026-03-22",10
"2026-03-29",10
"2026-04-05",11
"2026-04-12",14
"2026-04-19",14
"2026-04-26",16
"2026-05-03",16
"2026-05-10",15
"2026-05-17",18
"2026-05-24",20
"2026-05-31",19
"2026-06-07",20
"2026-06-14",21
"2026-06-21",38
"2026-06-28",29
"2026-07-05",44
"2026-07-12",58
"2026-07-19",58
"2026-07-26",76
"2026-08-02",83
"2026-08-09",92
"2026-08-16",100
"2026-08-23",79
"2026-08-30",70
"2026-09-06",42
"2026-09-13",40
"2026-09-20",36
"2026-09-27",31